{"graph": {"_type": "graph-file", "path": "media/graph/graph_summary_1325d69b.graph.json", "sha256": "1325d69b0dc130cc61a0d9ebcd27d5a0f1e7827dfcf01345a0518e3eebc98a0f", "size": 30296}, "epoch": 32, "loss": 0.346444308757782, "auc": 0.9167985320091248, "val_loss": 2.0602123737335205, "val_auc": 0.6306744813919067, "_runtime": 272, "_timestamp": 1617170775, "_step": 32, "best_val_loss": 0.4013996720314026, "best_epoch": 20, "public_auc": 0.8392695784568787, "private_auc": 1.0}